Task Name,Description,Status,Priority,Time Estimate (hours),Tags,Epic,Dependencies,Deliverables
"EPIC 1: Admin Dashboard","Complete React admin dashboard with authentication, content management, and analytics","Complete","High","20","dashboard,react,complete","Foundation","None","Fully functional dashboard at localhost:5179"
"Task 1.1: Project Setup & Architecture","Set up React + TypeScript + Vite project with Bulletproof React architecture","Complete","High","3","setup,config,complete","Admin Dashboard","None","package.json, tsconfig.json, vite.config.ts, tailwind.config.js"
"Task 1.2: Database Types & Configuration","Generate TypeScript types from Supabase schema and configure client","Complete","High","2","database,typescript,complete","Admin Dashboard","1.1","database.types.ts, supabase.ts, react-query.ts"
"Task 1.3: Shared UI Components","Build 11 reusable UI components (Button, Input, Select, etc)","Complete","High","4","ui,components,complete","Admin Dashboard","1.2","11 UI components with variants"
"Task 1.4: Layout Components","Create responsive layout with sidebar navigation","Complete","High","2","layout,navigation,complete","Admin Dashboard","1.3","Layout, Sidebar, Header, PageContainer components"
"Task 1.5: Authentication Feature","Build login system with Supabase Auth and protected routes","Complete","High","2","auth,security,complete","Admin Dashboard","1.2","LoginForm, ProtectedRoute, auth API hooks"
"Task 1.6: Dashboard Feature","Create main dashboard with KPIs and activity feed","Complete","High","2","dashboard,metrics,complete","Admin Dashboard","1.5","DashboardView, KPIs, SystemHealth components"
"Task 1.7: Content Pipeline Feature","Build content management with filtering and detail views","Complete","High","2","content,management,complete","Admin Dashboard","1.5","ContentView, ContentList, ContentDetail components"
"Task 1.8: Distributions Feature","Create distribution tracking with charts (Recharts)","Complete","High","2","distributions,charts,complete","Admin Dashboard","1.5","DistributionsView, charts, performance metrics"
"Task 1.9: Contacts Feature","Build contact management with segmentation","Complete","High","1","contacts,crm,complete","Admin Dashboard","1.5","ContactsList, ContactDetail components"
"Task 1.10: Prompts Feature","Create AI prompt library with versioning","Complete","Medium","1","prompts,ai,complete","Admin Dashboard","1.5","PromptsView, PromptCard, 11 prompts imported"
"Task 1.11: Analytics Feature","Build analytics dashboard with event logs","Complete","High","2","analytics,monitoring,complete","Admin Dashboard","1.5","AnalyticsView, EventsTable, WorkflowsTable"
"Task 1.12: Routing & App Layer","Set up React Router with all routes","Complete","High","1","routing,complete","Admin Dashboard","1.5 to 1.11","9 routes, app providers, root App component"
"Task 1.13: Data Seeding","Create scripts to populate database with sample data","Complete","Medium","2","data,seeding,complete","Admin Dashboard","1.2","create-user.js, seed-data.js, import-prompts.js"
"Task 1.14: Branding","Rebrand from Austin CG to VH Labs","Complete","Low","0.5","branding,complete","Admin Dashboard","None","Updated logo, titles, package.json"
"Task 1.15: Bug Fixes & Polish","Fix all discovered bugs and polish UI","Complete","High","2","bugfix,complete","Admin Dashboard","All 1.x tasks","10 bugs fixed, dev server stable"
"EPIC 2: Database & Infrastructure","Supabase project setup with schema and RLS policies","Complete","High","10","database,infrastructure,complete","Foundation","None","12 tables, 3 views, RLS policies"
"Task 2.1: Supabase Project Setup","Create Supabase project and run schema migration","Complete","High","8","supabase,schema,complete","Database","None","12 tables created, 3 views, RLS configured"
"Task 2.2: Environment Configuration","Configure environment variables for all services","Complete","High","2","config,env,complete","Database","2.1","Dashboard .env, environment validation"
"EPIC 3: n8n Workflow Setup","Set up n8n cloud workspace and import 16 workflow templates","In Progress","High","40","n8n,workflows,in-progress","Automation","EPIC 2","16 workflows imported and configured"
"Task 3.1: n8n Workspace Setup","Set up n8n cloud account and import workflows","Complete","High","3","n8n,setup,complete","n8n Setup","None","16 workflows imported, folder structure organized"
"Task 3.2: Supabase Credential Configuration","Configure Supabase credentials in n8n","Complete","High","2","credentials,supabase,complete","n8n Setup","3.1","3 Supabase credentials created and tested"
"Task 3.3: Variable Replacement Script","Create script to replace variables (for free plan)","Complete","High","2","automation,script,complete","n8n Setup","3.1","replace-variables.js, 16 configured workflows"
"Task 3.4: Test Workflow Creation","Create test workflow to verify connection","Complete","High","1","testing,complete","n8n Setup","3.2","TEST Analytics Logger, successful test"
"Task 3.5: Credentials Documentation","Document all credential setup steps","Complete","Medium","2","documentation,complete","n8n Setup","3.2","CREDENTIALS_SETUP.md guide"
"EPIC 4: API Integrations","Configure third-party API integrations (Anthropic, GHL, Slack)","Not Started","High","30","api,integrations,blocked","Integrations","EPIC 3","All API credentials configured"
"Task 4.1: Anthropic API Configuration","Set up Anthropic Claude API for AI processing","Not Started","High","2","anthropic,ai,blocked","API Integrations","3.3","API key obtained, n8n credential configured, 7 workflows unlocked"
"Task 4.2: GoHighLevel API Configuration","Configure GHL CRM integration","Not Started","High","3","ghl,crm,blocked","API Integrations","3.3","API key + Location ID obtained, 5 workflows unlocked"
"Task 4.3: Slack Integration","Set up Slack app for content intake (optional)","Not Started","Medium","4","slack,optional","API Integrations","3.3","Slack app created, webhook configured, emoji mapping working"
"EPIC 5: System 1 - AI Setter","Build AI-powered investor engagement workflows (6 workflows)","Not Started","High","25","ai-setter,system1","Automation","EPIC 4","Note parsing, segmentation, touchpoints, responses working"
"Task 5.1: Note Parser Workflow","Parse call notes with AI to extract intent signals","Not Started","High","4","ai,parsing","System 1","4.1, 4.2","S1-01 workflow active, GHL webhook configured, tested with 5 notes"
"Task 5.2: Segmentation Engine Workflow","Apply segmentation rules and update GHL tags","Not Started","High","3","segmentation,crm","System 1","5.1","S1-02 workflow active, GHL tags updating, rules tested"
"Task 5.3: Touchpoint Scheduler Workflow","Daily cron to identify contacts due for touchpoints","Not Started","Medium","4","scheduling,cron","System 1","5.2","S1-03 workflow active, Supabase function created, cron set to 8am"
"Task 5.4: Setter Message Generator","Generate personalized check-in messages with AI","Not Started","Medium","5","ai,personalization","System 1","5.3, 4.1","S1-04 workflow active, all 4 prompts tested, quality verified"
"Task 5.5: Setter Message Sender","Send touchpoint messages via GHL","Not Started","Medium","4","messaging,ghl","System 1","5.4, 4.2","S1-05 workflow active, email/SMS sending working, tracking enabled"
"Task 5.6: Response Handler Workflow","Classify incoming responses and route actions","Not Started","Medium","5","ai,classification","System 1","5.5, 4.1","S1-06 workflow active, classifier tested, action routing working"
"EPIC 6: System 2 - Content Pipeline","Build AI-powered content processing workflows (3 workflows)","Not Started","High","20","content,ai,system2","Automation","EPIC 4","Content intake, extraction, transcription working"
"Task 6.1: Slack Intake Workflow","Receive Slack reactions and create content records","Not Started","Medium","4","slack,intake","System 2","4.3","S2-01 workflow active, emoji mapping working, Ashley trained"
"Task 6.2: Content Processor Workflow","AI extraction of hooks, clips, and metadata","Not Started","High","8","ai,extraction","System 2","4.1","S2-02 workflow active, hook extraction working, tested with 5 content types"
"Task 6.3: Transcript Processor Workflow","Clean and structure transcripts with AI","Not Started","Medium","4","ai,transcription","System 2","4.1","S2-03 workflow active, cleaning effective, speaker identification working"
"Task 6.4: Transcription API Integration","Integrate third-party transcription service","Not Started","Medium","4","transcription,api","System 2","None","Service selected (AssemblyAI), API integrated, quality tested"
"EPIC 7: System 3 - Distribution Engine","Build multi-channel distribution workflows (4 workflows)","Not Started","High","25","distribution,system3","Automation","EPIC 4","Content routing, email generation, sending, Instagram posting working"
"Task 7.1: Distribution Router Workflow","Route content to channels based on audience","Not Started","High","6","routing,distribution","System 3","6.2","S3-01 workflow active, routing logic tested, multi-channel working"
"Task 7.2: Email Generator Workflow","Generate personalized email teasers with AI","Not Started","High","5","ai,email","System 3","7.1, 4.1","S3-02 workflow active, 3 email types tested, personalization working"
"Task 7.3: Email Sender Workflow","Send emails via GHL and track delivery","Not Started","High","4","email,ghl,tracking","System 3","7.2, 4.2","S3-03 workflow active, tracking webhooks configured, status updates working"
"Task 7.4: Instagram Poster Workflow","Generate captions and post to Instagram","Not Started","Low","6","instagram,social","System 3","7.1, 4.1","S3-04 workflow active (optional), caption generation working, posting tested"
"Task 7.5: Follow-up Sequences","Automated follow-up based on engagement","Not Started","Medium","4","sequences,engagement","System 3","7.3","3 sequence types working, timing accurate, stop conditions tested"
"EPIC 8: System 4 - Utilities","Build monitoring and sync workflows (3 workflows)","In Progress","Medium","15","utilities,system4","Automation","EPIC 2","Error logging, analytics, contact sync, monitoring working"
"Task 8.1: Error Logger Utility","Centralized error logging for all workflows","Complete","High","2","logging,errors,complete","System 4","2.1","S4-01 workflow active, logs to Supabase, visible in dashboard"
"Task 8.2: Analytics Logger Utility","Event tracking for all workflows","Complete","High","2","analytics,tracking,complete","System 4","2.1","S4-02 workflow active, tested successfully, visible in dashboard"
"Task 8.3: GHL Contact Sync Workflow","Hourly sync of contacts from GHL to Supabase","Not Started","Medium","5","sync,ghl,contacts","System 4","4.2","S4-03 workflow active, cron hourly, sync working, conflicts handled"
"Task 8.4: Monitoring Dashboard","Add monitoring section to admin dashboard","Not Started","Medium","5","monitoring,dashboard","System 4","8.1, 8.2","Monitoring page created, workflow status displayed, queue sizes visible"
"Task 8.5: Alert System","Configure alerts for critical failures","Not Started","Low","3","alerts,monitoring","System 4","8.1","Slack alerts configured, trigger conditions set, alert templates created"
"EPIC 9: Documentation & Training","Create comprehensive documentation and training materials","In Progress","Medium","10","documentation,training","Documentation","None","Complete technical and operational documentation"
"Task 9.1: Technical Documentation","API docs, architecture diagrams, deployment guide","In Progress","Medium","3","technical,docs","Documentation","None","API_DOCS.md, ARCHITECTURE.md, DEPLOYMENT.md created"
"Task 9.2: Operational Playbook","Day-to-day operations guide with troubleshooting","Not Started","Medium","4","operations,playbook","Documentation","All Epics","OPERATIONS.md with daily/weekly/monthly procedures"
"Task 9.3: User Training Materials","Dashboard guide, Slack SOP, video walkthrough","Not Started","Low","3","training,guides","Documentation","EPIC 1","User guides created, SOP documented, 15min walkthrough recorded"
"EPIC 10: Testing & QA","Comprehensive testing of all workflows and integrations","Not Started","High","20","testing,qa","Quality","EPIC 5-7","All workflows tested, integration verified, load tested"
"Task 10.1: Unit Testing","Test each workflow individually with sample data","Not Started","Medium","8","unit-testing","Testing","EPIC 5-7","All 14 workflows tested, test results documented, bugs fixed"
"Task 10.2: Integration Testing","Test end-to-end flows across workflows","Not Started","High","6","integration,e2e","Testing","10.1","3 scenarios tested end-to-end, data flow verified, timing validated"
"Task 10.3: Load Testing","Test with realistic data volumes","Not Started","Medium","4","load-testing,performance","Testing","10.2","Load tests executed, bottlenecks identified, optimizations implemented"
"Task 10.4: Error Handling Testing","Test error scenarios and recovery","Not Started","High","2","error-testing","Testing","10.1","All error scenarios tested, retry logic working, alerts functioning"
"EPIC 11: Deployment & Launch","Production deployment and launch preparation","Not Started","High","10","deployment,launch","Launch","EPIC 10","Production deployment complete, launch successful"
"Task 11.1: Production Environment","Deploy dashboard and configure production services","Not Started","High","3","deployment,hosting","Deployment","EPIC 1","Dashboard deployed to Vercel, domain configured, SSL active"
"Task 11.2: Security Audit","Security review before production launch","Not Started","High","3","security,audit","Deployment","11.1","Security audit completed, issues fixed, checklist signed off"
"Task 11.3: Performance Optimization","Optimize for production performance","Not Started","Medium","2","optimization,performance","Deployment","11.1","Lighthouse >90, dashboard <2s load, queries optimized"
"Task 11.4: Launch Checklist","Final pre-launch checklist and cutover","Not Started","High","2","launch,checklist","Deployment","11.2, 11.3","Launch checklist complete, production workflows enabled, monitoring active"
